City_ID,City,Country,Date,Lat,Lng,Max Temp,Humidity,Cloudiness,Wind Speed
0,Itoman,JP,2022-11-08 01:42:12,26.1247,127.6694,78.82,72,75,12.66
1,Denpasar,ID,2022-11-08 01:42:13,-8.65,115.2167,83.86,79,40,3.44
2,Anadyr,RU,2022-11-08 01:42:13,64.75,177.4833,27.1,100,75,15.66
3,Kytmanovo,RU,2022-11-08 01:42:13,53.4593,85.4479,27.81,86,61,3.85
4,Ilulissat,GL,2022-11-08 01:38:09,69.2167,-51.1,-8.14,88,16,6.49
5,Santa,PH,2022-11-08 01:42:14,17.486,120.4348,84.02,59,3,2.1
6,Punta Arenas,CL,2022-11-08 01:40:47,-53.15,-70.9167,53.71,71,0,17.27
7,Dikson,RU,2022-11-08 01:40:51,73.5069,80.5464,5.88,95,100,7.43
8,Ushuaia,AR,2022-11-08 01:42:14,-54.8,-68.3,56.86,54,75,17.27
9,Upernavik,GL,2022-11-08 01:42:15,72.7868,-56.1549,6.75,88,93,6.4
10,Poole,GB,2022-11-08 01:42:15,50.7167,-2.0,55.65,89,100,11.01
11,Corlatel,RO,2022-11-08 01:42:15,44.3986,22.9331,50.68,83,82,1.79
12,Albany,US,2022-11-08 01:36:04,42.6001,-73.9662,50.88,51,4,10.54
13,Hermanus,ZA,2022-11-08 01:40:52,-34.4187,19.2345,59.09,86,49,6.71
14,Bluff,NZ,2022-11-08 01:40:46,-46.6,168.3333,65.8,72,76,10.04
15,Mahebourg,MU,2022-11-08 01:42:16,-20.4081,57.7,73.69,83,40,6.91
16,Aklavik,CA,2022-11-08 01:42:17,68.2191,-135.0107,0.14,86,100,10.22
17,Pevek,RU,2022-11-08 01:42:17,69.7008,170.3133,1.0,96,15,2.13
18,Iqaluit,CA,2022-11-08 01:42:18,63.7506,-68.5145,19.13,62,75,10.36
19,Hasaki,JP,2022-11-08 01:42:18,35.7333,140.8333,66.29,51,0,14.47
20,Tasiilaq,GL,2022-11-08 01:42:18,65.6145,-37.6368,29.82,97,100,4.52
21,Souillac,MU,2022-11-08 01:42:19,-20.5167,57.5167,73.78,83,40,6.91
22,Cape Town,ZA,2022-11-08 01:40:00,-33.9258,18.4232,60.12,88,0,1.14
23,Hilo,US,2022-11-08 01:36:03,19.7297,-155.09,82.13,74,40,11.5
24,Buala,SB,2022-11-08 01:42:20,-8.145,159.5921,83.91,78,67,8.57
25,Airai,TL,2022-11-08 01:42:20,-8.9266,125.4092,75.31,55,85,1.16
26,Port Alfred,ZA,2022-11-08 01:42:21,-33.5906,26.891,64.18,88,100,5.01
27,Hithadhoo,MV,2022-11-08 01:40:49,-0.6,73.0833,82.33,75,12,18.32
28,Busselton,AU,2022-11-08 01:40:51,-33.65,115.3333,66.7,58,90,8.03
29,Lata,PT,2022-11-08 01:42:22,40.1629,-8.3327,60.93,93,99,6.98
30,Zaliztsi,UA,2022-11-08 01:42:22,49.7919,25.373,43.65,93,9,5.91
31,Yellowknife,CA,2022-11-08 01:40:28,62.456,-114.3525,5.52,85,75,5.75
32,Imbituba,BR,2022-11-08 01:42:23,-28.24,-48.6703,60.58,88,92,6.26
33,Ribeira Grande,PT,2022-11-08 01:42:23,38.5167,-28.7,62.78,72,100,1.99
34,Jamestown,US,2022-11-08 01:42:23,42.097,-79.2353,45.99,66,0,9.22
35,Qaanaaq,GL,2022-11-08 01:42:24,77.484,-69.3632,-0.71,98,100,4.65
36,Saint-Philippe,RE,2022-11-08 01:42:24,-21.3585,55.7679,71.19,77,20,6.96
37,Petropavl,KZ,2022-11-08 01:42:24,54.8753,69.1628,26.58,93,100,6.71
38,Vaini,TO,2022-11-08 01:36:23,-21.2,-175.2,80.76,74,20,6.91
39,Mjolby,SE,2022-11-08 01:42:25,58.326,15.1237,51.08,79,95,11.48
40,Puerto Ayora,EC,2022-11-08 01:40:58,-0.7393,-90.3518,67.55,85,81,4.0
41,Kodiak,US,2022-11-08 01:41:52,57.79,-152.4072,36.91,87,100,17.27
42,Richards Bay,ZA,2022-11-08 01:42:25,-28.783,32.0377,70.05,95,95,5.32
43,Kapaa,US,2022-11-08 01:40:55,22.0752,-159.319,84.18,75,75,12.66
44,Nioro,GM,2022-11-08 01:42:26,13.35,-15.75,75.22,57,100,5.19
45,Hofn,IS,2022-11-08 01:43:26,64.2539,-15.2082,43.5,92,100,25.57
46,Broome,US,2022-11-08 01:43:27,42.2506,-75.833,48.7,57,0,10.36
47,Kamenka,RU,2022-11-08 01:43:27,51.3223,42.7678,31.1,87,64,6.17
48,Kungurtug,RU,2022-11-08 01:43:27,50.5994,97.5228,25.41,78,95,1.48
49,Basco,PH,2022-11-08 01:43:28,20.4487,121.9702,79.2,82,25,20.87
50,Puerto Madryn,AR,2022-11-08 01:43:28,-42.7692,-65.0385,69.49,48,99,11.65
51,Teresina,BR,2022-11-08 01:39:40,-5.0892,-42.8019,78.51,89,75,4.61
52,Kirensk,RU,2022-11-08 01:43:29,57.7853,108.1119,24.62,84,100,12.26
53,Butaritari,KI,2022-11-08 01:37:06,3.0707,172.7902,80.46,74,21,5.86
54,Rikitea,PF,2022-11-08 01:40:59,-23.1203,-134.9692,73.8,92,100,17.54
55,Faanui,PF,2022-11-08 01:43:29,-16.4833,-151.75,78.89,73,18,6.96
56,Kisangani,CD,2022-11-08 01:43:30,0.5167,25.2,68.5,99,99,0.98
57,Kalmunai,LK,2022-11-08 01:43:30,7.4167,81.8167,77.7,85,100,8.25
58,Morehead,US,2022-11-08 01:43:30,37.2711,-87.1764,65.95,37,100,6.91
59,Lasa,IT,2022-11-08 01:43:31,46.6166,10.7002,35.37,57,62,1.45
60,Hobart,AU,2022-11-08 01:37:51,-42.8794,147.3294,79.23,38,25,3.24
61,Marang,MY,2022-11-08 01:43:31,5.2056,103.2059,82.96,82,100,4.21
62,Nikolskoye,RU,2022-11-08 01:43:32,59.7035,30.7861,39.09,92,100,9.73
63,Chaykovskaya,RU,2022-11-08 01:43:32,58.1279,55.5378,28.29,97,88,6.38
64,Saskylakh,RU,2022-11-08 01:43:32,71.9167,114.0833,-23.6,98,48,5.3
65,Geraldton,AU,2022-11-08 01:43:33,-28.7667,114.6,72.01,60,75,13.8
66,Chokurdakh,RU,2022-11-08 01:43:33,70.6333,147.9167,-11.16,97,56,11.23
67,Rocha,UY,2022-11-08 01:43:33,-34.4833,-54.3333,53.02,95,0,5.57
68,Bredasdorp,ZA,2022-11-08 01:40:57,-34.5322,20.0403,55.98,92,48,5.88
69,Juliaca,PE,2022-11-08 01:43:34,-15.5,-70.1333,47.3,57,0,2.55
70,Kawalu,ID,2022-11-08 01:43:34,-7.3817,108.2082,77.83,80,100,1.83
71,Taltal,CL,2022-11-08 01:31:09,-25.4,-70.4833,60.94,79,13,3.11
72,Khatanga,RU,2022-11-08 01:43:35,71.9667,102.5,6.8,96,100,4.0
73,Tessalit,ML,2022-11-08 01:43:35,20.1986,1.0114,70.83,19,1,9.48
74,New Norfolk,AU,2022-11-08 01:36:35,-42.7826,147.0587,79.88,34,18,1.99
75,Arraial Do Cabo,BR,2022-11-08 01:40:58,-22.9661,-42.0278,67.96,88,75,2.3
76,Mount Isa,AU,2022-11-08 01:43:35,-20.7333,139.5,96.57,20,0,8.05
77,Kavieng,PG,2022-11-08 01:43:36,-2.5744,150.7967,83.95,70,100,5.03
78,Channel-Port Aux Basques,CA,2022-11-08 01:43:36,47.5702,-59.1367,49.82,78,93,21.85
79,Dalbandin,PK,2022-11-08 01:43:36,28.8947,64.4101,62.46,42,29,2.15
80,Lebu,CL,2022-11-08 01:43:37,-37.6167,-73.65,53.17,86,100,10.25
81,Mahibadhoo,MV,2022-11-08 01:43:37,3.7833,72.9667,81.84,72,9,10.29
82,Khorixas,NA,2022-11-08 01:43:37,-20.3667,14.9667,63.12,51,0,0.92
83,Saint George,US,2022-11-08 01:43:19,37.1041,-113.5841,66.79,35,0,13.8
84,Okhotsk,RU,2022-11-08 01:43:38,59.3833,143.3,8.4,63,4,20.89
85,Keflavik,IS,2022-11-08 01:43:38,64.0049,-22.5624,44.51,93,75,13.8
86,Vostok,RU,2022-11-08 01:43:39,46.4856,135.8833,34.92,56,39,8.5
87,Dingle,PH,2022-11-08 01:43:39,10.9995,122.6711,85.17,76,98,8.7
88,East London,ZA,2022-11-08 01:40:50,-33.0153,27.9116,67.46,86,100,13.47
89,Sao Filipe,CV,2022-11-08 01:43:39,14.8961,-24.4956,77.74,66,100,5.88
90,Cherskiy,RU,2022-11-08 01:43:40,68.75,161.3,-5.48,98,18,3.71
91,Port Hedland,AU,2022-11-08 01:43:40,-20.3167,118.5667,80.65,44,0,18.41
92,Muttupet,IN,2022-11-08 01:43:40,10.4,79.4833,74.95,93,100,10.71
93,Nova Olimpia,BR,2022-11-08 01:43:41,-14.7972,-57.2881,73.0,35,0,1.32
94,Asau,RO,2022-11-08 01:44:41,46.4333,26.4,40.28,84,100,3.38
95,Namibe,AO,2022-11-08 01:44:41,-15.1961,12.1522,67.68,77,0,6.29
96,Luwuk,ID,2022-11-08 01:44:42,-0.9516,122.7875,85.37,69,92,3.42
97,Vila Franca Do Campo,PT,2022-11-08 01:44:42,37.7167,-25.4333,60.19,80,100,8.93
98,Sao Jose Da Coroa Grande,BR,2022-11-08 01:44:43,-8.8978,-35.1478,75.7,82,13,2.39
99,Katsuura,JP,2022-11-08 01:44:43,35.1333,140.3,64.49,66,0,10.38
100,Burns Lake,CA,2022-11-08 01:44:43,54.2331,-125.7533,4.42,71,100,11.5
101,Paamiut,GL,2022-11-08 01:44:44,61.994,-49.6678,17.26,58,100,7.87
102,Isangel,VU,2022-11-08 01:44:44,-19.55,169.2667,77.11,88,75,13.8
103,Oranjestad,AW,2022-11-08 01:40:48,12.524,-70.027,80.55,98,20,2.3
104,Armidale,AU,2022-11-08 01:44:45,-30.5167,151.65,61.25,66,95,3.69
105,Gogapur,IN,2022-11-08 01:44:45,23.55,75.5167,70.66,48,4,6.08
106,Iwanai,JP,2022-11-08 01:44:45,42.9744,140.5089,51.73,54,64,4.81
107,Harper,LR,2022-11-08 01:44:46,4.375,-7.7169,78.13,84,100,5.73
108,Westerland,DE,2022-11-08 01:44:46,54.9079,8.3033,55.42,94,100,16.11
109,Independence,US,2022-11-08 01:41:23,39.0911,-94.4155,54.03,36,75,9.22
110,Namatanai,PG,2022-11-08 01:44:46,-3.6667,152.4333,84.06,72,99,6.53
111,Mataura,NZ,2022-11-08 01:40:49,-46.1927,168.8643,65.48,37,83,3.29
112,Severo-Kurilsk,RU,2022-11-08 01:44:47,50.6789,156.125,39.92,74,84,18.19
113,Esperance,AU,2022-11-08 01:44:47,-33.8667,121.9,60.64,72,100,16.28
114,La Linea,AR,2022-11-08 01:44:48,-27.6243,-55.0388,59.68,71,0,4.7
115,Najran,SA,2022-11-08 01:40:48,17.4924,44.1277,61.45,32,0,3.83
116,Ketchikan,US,2022-11-08 01:44:48,55.3422,-131.6461,32.47,25,0,8.05
117,Nelson Bay,AU,2022-11-08 01:44:49,-32.7167,152.15,73.45,73,50,11.01
118,Carnarvon,AU,2022-11-08 01:44:49,-24.8667,113.6333,70.38,57,4,14.05
119,Tromso,NO,2022-11-08 01:44:49,69.6496,18.957,35.62,93,75,2.3
120,Lampazos De Naranjo,MX,2022-11-08 01:44:50,27.0167,-100.5167,76.53,72,4,9.28
121,Saint Anthony,US,2022-11-08 01:40:46,45.0205,-93.218,36.55,66,0,6.91
122,Biltine,TD,2022-11-08 01:44:50,14.5333,20.9167,76.86,22,5,12.77
123,Gweta,BW,2022-11-08 01:44:50,-20.1833,25.2333,72.93,73,100,4.23
124,Ambanja,MG,2022-11-08 01:44:51,-13.6833,48.45,72.57,89,8,1.74
125,Ouadda,CF,2022-11-08 01:44:51,8.0777,22.4007,70.93,72,98,2.84
126,Bowen,AU,2022-11-08 01:44:52,-20.0167,148.2333,80.33,58,0,18.12
127,Narsaq,GL,2022-11-08 01:36:08,60.9167,-46.05,30.42,76,100,6.53
128,Bandarbeyla,SO,2022-11-08 01:44:52,9.4942,50.8122,77.13,78,3,3.13
129,Bosaso,SO,2022-11-08 01:44:52,11.2842,49.1816,78.44,72,0,3.8
130,Leiyang,CN,2022-11-08 01:44:53,26.4024,112.8591,75.09,51,68,0.51
131,Clifton,US,2022-11-08 01:44:53,40.8584,-74.1638,69.24,21,0,12.66
132,Victoria,HK,2022-11-08 01:40:53,22.2855,114.1577,74.25,87,96,10.0
133,Banjar,ID,2022-11-08 01:44:53,-8.19,114.9675,87.42,62,100,2.37
134,Ostrovnoy,RU,2022-11-08 01:44:54,68.0531,39.5131,27.19,95,55,4.9
135,Atuona,PF,2022-11-08 01:40:51,-9.8,-139.0333,77.13,69,100,13.02
136,Bethel,US,2022-11-08 01:44:54,41.3712,-73.414,64.76,20,0,9.22
137,Thompson,CA,2022-11-08 01:37:06,55.7435,-97.8558,-7.44,84,0,0.0
138,Eureka,US,2022-11-08 01:44:38,40.8021,-124.1637,47.01,90,100,7.0
139,Flinders,AU,2022-11-08 01:45:55,-34.5833,150.8552,74.05,62,48,9.78
140,Bilibino,RU,2022-11-08 01:45:56,68.0546,166.4372,-3.01,95,58,3.96
141,Itapirapua,BR,2022-11-08 01:45:56,-15.8233,-50.6133,76.05,49,11,2.42
142,La Ronge,CA,2022-11-08 01:45:56,55.1001,-105.2842,12.45,79,100,8.05
143,Bouca,CF,2022-11-08 01:45:57,6.5105,18.2733,70.66,79,95,3.13
144,Arivonimamo,MG,2022-11-08 01:45:57,-19.0167,47.1833,60.85,81,100,3.04
145,Borzya,RU,2022-11-08 01:45:57,50.3833,116.5167,33.1,56,50,5.41
146,Puerto Colombia,CO,2022-11-08 01:45:58,10.9878,-74.9547,75.29,80,97,5.26
147,Cerqueira Cesar,BR,2022-11-08 01:45:58,-23.0356,-49.1661,54.46,85,2,10.83
148,Barrow,US,2022-11-08 01:45:59,71.2906,-156.7887,24.82,80,100,23.02
149,Tuatapere,NZ,2022-11-08 01:45:59,-46.1333,167.6833,65.88,51,83,5.39
150,Chumikan,RU,2022-11-08 01:45:59,54.7183,135.315,20.73,72,6,14.54
151,Kavaratti,IN,2022-11-08 01:46:00,10.5669,72.642,81.46,72,1,4.81
152,Provideniya,RU,2022-11-08 01:46:00,64.3833,-173.3,32.36,74,100,21.99
153,Vardo,NO,2022-11-08 01:46:01,70.3705,31.1107,33.78,86,100,6.91
154,Ponta Do Sol,PT,2022-11-08 01:46:01,32.6667,-17.1,68.72,85,73,3.49
155,Tuktoyaktuk,CA,2022-11-08 01:46:01,69.4541,-133.0374,1.4,78,20,8.05
156,Osoyoos,CA,2022-11-08 01:46:02,49.0331,-119.4524,30.61,74,100,10.36
157,Cascais,PT,2022-11-08 01:46:02,38.6979,-9.4215,65.93,90,75,14.0
158,Nemuro,JP,2022-11-08 01:46:03,43.3236,145.575,49.64,59,52,5.5
159,Umm Kaddadah,SD,2022-11-08 01:46:04,13.6017,26.6876,73.56,21,82,16.11
160,Te Anau,NZ,2022-11-08 01:46:04,-45.4167,167.7167,65.32,49,48,7.34
161,Halifax,CA,2022-11-08 01:43:21,44.6453,-63.5724,59.49,77,20,19.57
162,Kushima,JP,2022-11-08 01:46:05,31.4583,131.2333,71.11,58,0,4.68
163,Dera Bugti,PK,2022-11-08 01:46:05,29.0307,69.151,67.33,52,100,3.53
164,Grand Gaube,MU,2022-11-08 01:46:06,-20.0064,57.6608,73.8,77,44,3.0
165,Roswell,US,2022-11-08 01:46:07,34.0232,-84.3616,73.18,84,100,5.75
166,Norman Wells,CA,2022-11-08 01:46:07,65.282,-126.8329,1.44,85,20,6.91
167,Ancud,CL,2022-11-08 01:46:07,-41.8697,-73.8203,53.71,94,99,2.08
168,Hoopstad,ZA,2022-11-08 01:46:08,-27.8327,25.9083,58.26,93,100,8.9
169,Piacabucu,BR,2022-11-08 01:46:08,-10.4056,-36.4344,75.2,90,24,7.0
170,Neuhof,DE,2022-11-08 01:46:09,50.4531,9.6175,50.13,93,15,5.75
171,Hun,LY,2022-11-08 01:46:09,29.1268,15.9477,58.57,73,0,4.9
172,Vysokogornyy,RU,2022-11-08 01:46:10,50.1167,139.15,28.6,66,82,7.29
173,Constitucion,CL,2022-11-08 01:46:11,-35.3333,-72.4167,55.24,78,99,8.86
174,Baruun-Urt,MN,2022-11-08 01:46:11,46.6806,113.2792,34.68,33,56,15.12
175,Mookane,BW,2022-11-08 01:46:12,-23.688,26.6595,66.9,90,100,7.02
176,Churapcha,RU,2022-11-08 01:46:13,62.0025,132.4325,-4.04,89,100,0.94
177,Canakkale,TR,2022-11-08 01:46:13,40.0833,26.8333,41.58,93,70,4.76
178,Castro,BR,2022-11-08 01:46:16,-24.7911,-50.0119,49.17,97,1,4.68
179,Lorengau,PG,2022-11-08 01:46:17,-2.0226,147.2712,84.4,74,100,5.55
180,Avarua,CK,2022-11-08 01:46:17,-21.2078,-159.775,78.85,65,40,6.91
181,Jumla,NP,2022-11-08 01:46:18,29.2747,82.1838,47.79,40,0,2.89
182,Alekseyevsk,RU,2022-11-08 01:46:18,57.8406,108.3492,24.22,88,100,12.77
183,Suraabad,AZ,2022-11-08 01:47:19,40.8192,49.4687,53.33,67,49,20.56
184,Marzuq,YE,2022-11-08 01:47:19,14.4,46.4667,64.15,71,0,3.53
185,Chardara,KZ,2022-11-08 01:47:20,41.2547,67.9692,47.84,66,100,7.94
186,Benjamin Aceval,PY,2022-11-08 01:47:20,-24.9667,-57.5667,75.34,59,96,5.46
187,Pisco,PE,2022-11-08 01:47:21,-13.7,-76.2167,62.65,82,0,10.36
188,Antropovo,RU,2022-11-08 01:47:22,58.3988,43.0066,31.6,96,100,7.56
189,Am Timan,TD,2022-11-08 01:47:24,11.0297,20.2827,76.21,38,88,3.27
190,Mareeba,AU,2022-11-08 01:47:24,-17.0,145.4333,87.44,58,4,7.61
191,Uyuni,BO,2022-11-08 01:47:24,-20.4597,-66.825,43.83,67,4,19.08
192,Codrington,AU,2022-11-08 01:47:25,-38.2667,141.9667,75.34,61,6,10.07
193,Beringovskiy,RU,2022-11-08 01:47:26,63.05,179.3167,29.37,97,100,14.63
194,Tocopilla,CL,2022-11-08 01:47:26,-22.092,-70.1979,64.09,68,4,3.13
195,Olinda,BR,2022-11-08 01:47:27,-8.0089,-34.8553,80.33,74,75,6.91
196,Port Hawkesbury,CA,2022-11-08 01:47:28,45.6169,-61.3485,55.9,87,100,13.8
197,Estelle,US,2022-11-08 01:47:28,29.8458,-90.1067,77.0,82,40,4.61
198,Seoul,KR,2022-11-08 01:47:01,37.5683,126.9778,56.8,65,20,2.3
199,Guerrero Negro,MX,2022-11-08 01:47:29,27.9769,-114.0611,65.91,74,56,12.59
200,Osakarovka,KZ,2022-11-08 01:47:29,50.565,72.5692,24.42,90,94,2.86
201,Vigia Del Fuerte,CO,2022-11-08 01:47:30,6.5789,-76.8863,72.68,98,95,1.83
202,Hirara,JP,2022-11-08 01:47:31,24.8,125.2833,75.47,88,75,16.11
203,Saldanha,ZA,2022-11-08 01:40:47,-33.0117,17.9442,60.17,86,64,5.12
204,La Palma,US,2022-11-08 01:47:31,33.8464,-118.0467,63.32,93,75,10.36
205,Bubaque,GW,2022-11-08 01:47:32,11.2833,-15.8333,83.71,63,78,13.38
206,Raudeberg,NO,2022-11-08 01:47:32,61.9875,5.1352,45.27,70,19,11.39
207,Atar,MR,2022-11-08 01:47:32,20.5169,-13.0499,78.6,17,97,4.23
208,Kasongo-Lunda,CD,2022-11-08 01:47:33,-6.4667,16.8167,69.28,99,100,1.05
209,Muros,ES,2022-11-08 01:47:33,42.7762,-9.0603,60.1,81,100,16.2
210,Hanzhong,CN,2022-11-08 01:47:33,33.0728,107.0303,57.42,97,100,3.24
211,Bambous Virieux,MU,2022-11-08 01:47:34,-20.3428,57.7575,73.65,83,40,6.91
212,Klaksvik,FO,2022-11-08 01:47:34,62.2266,-6.589,49.12,91,100,36.78
213,Nanortalik,GL,2022-11-08 01:40:53,60.1432,-45.2371,27.9,87,100,3.2
214,Coquimbo,CL,2022-11-08 01:43:17,-29.9533,-71.3436,56.93,94,100,2.3
215,Belyy Yar,RU,2022-11-08 01:47:35,53.6039,91.3903,22.86,87,100,2.24
216,Nouakchott,MR,2022-11-08 01:47:35,18.0858,-15.9785,71.53,66,7,10.87
217,Nanchong,CN,2022-11-08 01:47:35,30.7951,106.0847,62.38,92,100,1.83
218,Cap Malheureux,MU,2022-11-08 01:47:36,-19.9842,57.6142,70.47,77,40,3.0
219,Port Elizabeth,ZA,2022-11-08 01:47:36,-33.918,25.5701,62.31,91,0,16.11
220,Bathsheba,BB,2022-11-08 01:47:36,13.2167,-59.5167,83.01,78,75,21.85
221,Luderitz,NA,2022-11-08 01:47:37,-26.6481,15.1594,61.5,86,88,8.61
222,Axim,GH,2022-11-08 01:43:13,4.8699,-2.2405,77.79,86,100,3.2
223,Nizwa,OM,2022-11-08 01:47:37,22.9333,57.5333,71.37,54,8,1.88
224,Schruns,AT,2022-11-08 01:47:38,47.0709,9.9475,40.6,100,51,1.01
225,Kuala Terengganu,MY,2022-11-08 01:47:38,5.3302,103.1408,82.98,94,40,3.44
226,Takestan,IR,2022-11-08 01:48:38,36.0696,49.6959,37.53,80,100,4.45
227,Cabo San Lucas,MX,2022-11-08 01:48:39,22.8909,-109.9124,78.1,68,0,8.99
228,Leningradskiy,RU,2022-11-08 01:48:39,69.3833,178.4167,15.94,89,100,7.58
229,Alice Springs,AU,2022-11-08 01:48:39,-23.7,133.8833,90.95,17,60,5.75
230,San Cristobal,VE,2022-11-08 01:48:40,7.7669,-72.225,71.78,95,100,2.37
231,Pokhara,NP,2022-11-08 01:48:40,28.2333,83.9833,63.86,57,100,0.89
232,Ojinaga,MX,2022-11-08 01:48:41,29.5667,-104.4167,76.15,35,0,10.36
233,Port Lincoln,AU,2022-11-08 01:48:41,-34.7333,135.8667,80.22,41,100,13.91
234,Rawson,AR,2022-11-08 01:48:09,-43.3002,-65.1023,61.93,67,100,7.4
235,Laval,CA,2022-11-08 01:45:28,45.57,-73.692,48.85,50,20,11.5
236,Veraval,IN,2022-11-08 01:48:42,20.9,70.3667,75.67,63,0,10.4
237,Taoudenni,ML,2022-11-08 01:48:42,22.6783,-3.9836,72.52,19,52,10.0
238,Sawakin,SD,2022-11-08 01:48:42,19.1059,37.3321,81.36,79,14,4.68
239,Lompoc,US,2022-11-08 01:48:42,34.6391,-120.4579,55.54,83,0,4.61
240,Mehamn,NO,2022-11-08 01:48:43,71.0357,27.8492,33.75,93,40,9.22
241,Sitka,US,2022-11-08 01:48:43,57.0531,-135.33,35.49,25,0,0.0
242,Zakamensk,RU,2022-11-08 01:48:43,50.3741,103.2863,27.54,67,100,1.54
243,Guiren,CN,2022-11-08 01:48:44,33.6697,118.1889,64.42,53,16,9.24
244,Balykshi,KZ,2022-11-08 01:48:44,47.0667,51.8667,35.6,80,75,4.47
245,Talaya,RU,2022-11-08 01:48:44,61.3833,152.75,-2.79,89,100,3.51
246,Oxelosund,SE,2022-11-08 01:48:45,58.6706,17.1015,44.98,93,20,10.36
247,Bengkulu,ID,2022-11-08 01:48:45,-3.8004,102.2655,76.28,87,100,2.86
248,Lavrentiya,RU,2022-11-08 01:48:45,65.5833,-171.0,28.6,97,100,23.71
249,Chegdomyn,RU,2022-11-08 01:48:46,51.1167,133.0167,26.04,71,40,3.18
250,Ishigaki,JP,2022-11-08 01:48:46,24.3448,124.1572,82.53,74,75,12.66
251,Moirang,IN,2022-11-08 01:48:47,24.5,93.7667,62.65,74,0,1.79
252,Akyab,MM,2022-11-08 01:48:47,20.15,92.9,76.75,75,38,5.84
253,Qobustan,AZ,2022-11-08 01:48:47,40.0824,49.412,53.13,75,100,5.66
254,Galesong,ID,2022-11-08 01:48:48,-5.3166,119.3661,84.22,68,93,7.58
255,Linxia,CN,2022-11-08 01:48:48,35.6003,103.2064,47.93,62,4,1.43
256,Kahului,US,2022-11-08 01:48:49,20.8947,-156.47,87.82,61,40,21.85
257,Torbay,CA,2022-11-08 01:48:49,47.6666,-52.7314,59.76,97,100,26.46
258,Krk,HR,2022-11-08 01:48:49,45.0258,14.5731,57.47,85,7,3.74
259,Tamale,GH,2022-11-08 01:48:50,9.4008,-0.8393,75.7,24,35,4.18
260,Fairbanks,US,2022-11-08 01:48:50,64.8378,-147.7164,19.81,73,100,0.0
261,Meulaboh,ID,2022-11-08 01:48:50,4.1363,96.1285,79.99,80,88,0.96
262,Bambanglipuro,ID,2022-11-08 01:48:51,-7.95,110.2833,81.84,75,92,5.55
263,Forio,IT,2022-11-08 01:48:51,40.7342,13.8646,60.82,58,0,2.04
264,Ugento,IT,2022-11-08 01:48:52,39.9263,18.1574,47.7,79,0,9.04
265,Saint-Max,FR,2022-11-08 01:48:52,48.7043,6.21,56.1,86,0,8.05
266,Midland,US,2022-11-08 01:46:41,31.9974,-102.0779,74.07,69,100,9.22
267,Srednekolymsk,RU,2022-11-08 01:48:52,67.45,153.6833,-0.11,96,100,10.63
268,Rajanpur,PK,2022-11-08 01:48:53,29.1035,70.325,66.43,54,12,8.1
269,Chuy,UY,2022-11-08 01:49:53,-33.6971,-53.4616,58.35,84,15,8.84
270,Inverness,GB,2022-11-08 01:49:53,57.4791,-4.224,58.91,72,100,14.97
271,Ust-Maya,RU,2022-11-08 01:49:54,60.4167,134.5333,0.27,90,100,1.36
272,Elban,RU,2022-11-08 01:49:54,50.1018,136.5094,32.09,59,100,3.76
273,Stornoway,GB,2022-11-08 01:40:47,58.2093,-6.3865,53.92,94,75,9.22
274,San Patricio,US,2022-11-08 01:49:55,28.017,-97.5169,78.67,85,0,10.36
275,Talegaon Dabhade,IN,2022-11-08 01:49:55,18.7167,73.6833,67.62,61,56,3.98
276,Nome,US,2022-11-08 01:47:42,64.5011,-165.4064,33.87,93,100,34.52
277,Vao,NC,2022-11-08 01:49:55,-22.6667,167.4833,74.46,85,95,17.45
278,Birjand,IR,2022-11-08 01:49:56,32.8663,59.2211,39.67,60,0,6.91
279,Formosa Do Rio Preto,BR,2022-11-08 01:49:56,-11.0483,-45.1931,73.65,68,100,1.83
280,Huautla,MX,2022-11-08 01:49:56,21.0333,-98.2833,67.14,94,4,2.8
281,Kabompo,ZM,2022-11-08 01:49:57,-13.5927,24.2008,63.48,97,100,3.13
282,Utevka,RU,2022-11-08 01:49:57,52.9035,50.9495,28.08,92,99,6.85
283,La Plata,AR,2022-11-08 01:49:57,-34.9215,-57.9545,69.82,68,0,13.2
284,Ternate,ID,2022-11-08 01:45:52,0.8,127.4,84.69,68,100,3.87
285,Talnakh,RU,2022-11-08 01:49:58,69.4865,88.3972,-7.8,100,88,5.19
286,Sovetskiy,RU,2022-11-08 01:49:58,61.3614,63.5842,23.31,96,100,4.36
287,Cidreira,BR,2022-11-08 01:47:31,-30.1811,-50.2056,61.84,81,15,11.99
288,Northam,GB,2022-11-08 01:49:59,51.0333,-4.2167,51.26,95,55,21.65
289,Nizhnevartovsk,RU,2022-11-08 01:49:59,60.9344,76.5531,26.62,100,100,7.0
290,Inirida,CO,2022-11-08 01:49:59,3.8653,-67.9239,74.14,92,97,1.72
291,Chapais,CA,2022-11-08 01:49:59,49.7834,-74.8492,28.18,87,100,16.24
292,Sur,OM,2022-11-08 01:49:55,22.5667,59.5289,81.23,58,98,7.27
293,Tismana,RO,2022-11-08 01:50:00,45.05,22.9667,50.38,88,59,1.16
294,Karwar,IN,2022-11-08 01:50:01,14.8,74.1333,74.88,66,58,7.92
295,Gondanglegi,ID,2022-11-08 01:50:01,-7.7479,112.0132,82.85,72,99,7.29
296,Cheney,US,2022-11-08 01:50:01,47.4874,-117.5758,26.94,90,75,16.11
297,Nakasongola,UG,2022-11-08 01:50:02,1.3089,32.4564,64.38,95,100,2.15
298,Padang,ID,2022-11-08 01:40:59,-0.9492,100.3543,78.85,76,100,2.15
299,Trinidad,BO,2022-11-08 01:50:02,-14.8333,-64.9,75.24,50,0,1.52
300,Lagoa,PT,2022-11-08 01:50:03,39.05,-27.9833,63.16,68,100,19.48
301,Ahipara,NZ,2022-11-08 01:50:03,-35.1667,173.1667,61.81,88,94,14.09
302,Fortuna,US,2022-11-08 01:50:03,40.5982,-124.1573,46.74,95,75,6.91
303,Puerto Escondido,MX,2022-11-08 01:50:04,15.85,-97.0667,80.74,82,42,4.14
304,Portland,US,2022-11-08 01:46:32,45.5234,-122.6762,42.84,92,75,9.22
305,Mar Del Plata,AR,2022-11-08 01:50:04,-38.0023,-57.5575,61.88,88,0,13.0
306,Westport,US,2022-11-08 01:48:13,41.1415,-73.3579,66.24,26,0,11.5
307,Coihaique,CL,2022-11-08 01:50:05,-45.5752,-72.0662,56.01,87,0,5.75
308,Pangody,RU,2022-11-08 01:50:05,65.85,74.4859,20.37,96,100,8.57
309,Lusambo,CD,2022-11-08 01:50:05,-4.9667,23.45,66.85,93,100,1.1
310,Qinhuangdao,CN,2022-11-08 01:50:06,39.9317,119.5883,54.7,49,0,9.86
311,Egvekinot,RU,2022-11-08 01:50:06,66.3167,-179.1667,19.33,86,100,15.66
312,Nara,JP,2022-11-08 01:50:07,34.6851,135.8049,67.96,34,0,7.7
313,College,US,2022-11-08 01:51:07,64.8569,-147.8028,19.8,72,100,0.0
314,Ghanzi,BW,2022-11-08 01:51:08,-21.5667,21.7833,61.59,90,0,6.31
315,Roald,NO,2022-11-08 01:51:08,62.5833,6.1333,46.76,81,14,8.05
316,Margate,GB,2022-11-08 01:51:08,51.3813,1.3862,59.31,79,99,11.99
317,Surcin,RS,2022-11-08 01:51:09,44.7931,20.2803,51.93,100,100,4.61
318,Campina Verde,BR,2022-11-08 01:51:09,-19.5356,-49.4864,69.53,48,47,4.88
319,Garissa,KE,2022-11-08 01:51:10,-0.4536,39.6401,76.95,79,90,10.98
320,Robertsport,LR,2022-11-08 01:51:10,6.7533,-11.3686,78.71,82,71,4.7
321,Longyearbyen,SJ,2022-11-08 01:51:10,78.2186,15.6401,22.84,80,75,13.8
322,Omboue,GA,2022-11-08 01:51:11,-1.5746,9.2618,76.05,92,100,5.75
323,Gamba,GA,2022-11-08 01:51:11,-2.65,10.0,76.39,90,58,6.38
324,Vilhena,BR,2022-11-08 01:51:12,-12.7406,-60.1458,70.68,41,3,1.72
325,Setermoen,NO,2022-11-08 01:51:12,68.861,18.3486,37.44,98,100,3.71
326,Bjornevatn,NO,2022-11-08 01:51:12,69.6672,29.9847,28.74,100,100,2.3
327,Riyadh,SA,2022-11-08 01:48:51,24.6877,46.7219,66.34,59,0,4.72
328,Gat,IL,2022-11-08 01:51:13,31.61,34.7642,66.78,1,7,9.01
329,Asosa,ET,2022-11-08 01:51:13,10.0667,34.5333,62.53,68,96,3.69
330,Tiksi,RU,2022-11-08 01:51:14,71.6872,128.8694,0.7,91,100,17.67
331,Tiznit,MA,2022-11-08 01:51:14,29.5833,-9.5,68.16,24,95,4.83
332,Yemelyanovo,RU,2022-11-08 01:51:14,56.1681,92.6767,27.41,93,40,2.24
333,Yar-Sale,RU,2022-11-08 01:51:15,66.8333,70.8333,21.42,96,100,4.7
334,Ipixuna,BR,2022-11-08 01:51:16,-1.7625,-48.8043,73.78,96,100,2.53
335,Karratha,AU,2022-11-08 01:51:16,-20.7377,116.8463,77.27,35,0,13.58
336,Sarahan,IN,2022-11-08 01:51:17,31.5167,77.8,44.31,34,0,6.53
337,Gondar,ET,2022-11-08 01:51:17,12.6,37.4667,56.21,52,12,3.94
338,Salalah,OM,2022-11-08 01:51:17,17.0151,54.0924,74.08,72,0,2.24
339,Gaoual,GN,2022-11-08 01:51:18,11.75,-13.2,75.99,64,15,1.9
340,Chifeng,CN,2022-11-08 01:51:19,42.2683,118.9636,45.09,24,0,6.6
341,Erzin,TR,2022-11-08 01:51:19,36.9559,36.2,60.1,74,100,3.13
342,Krasnovishersk,RU,2022-11-08 01:51:20,60.4078,57.082,26.73,97,100,4.43
343,Ararat,AM,2022-11-08 01:51:20,39.8317,44.7049,41.34,67,93,1.95
344,Waipawa,NZ,2022-11-08 01:51:21,-41.4122,175.5153,60.57,62,15,7.96
345,Port Keats,AU,2022-11-08 01:51:21,-14.25,129.55,93.0,47,51,11.07
346,Biak,ID,2022-11-08 01:51:22,-0.9131,122.8766,82.71,70,90,2.93
347,Oksfjord,NO,2022-11-08 01:51:22,70.2396,22.3479,35.78,87,94,3.71
348,Maniitsoq,GL,2022-11-08 01:51:22,65.4167,-52.9,16.68,55,0,6.69
349,Atherton,GB,2022-11-08 01:51:23,53.5237,-2.4935,53.89,89,100,4.0
350,Fougamou,GA,2022-11-08 01:51:23,-1.2154,10.5838,72.79,99,100,0.02
351,Monrovia,LR,2022-11-08 01:51:24,6.3005,-10.7969,77.7,85,98,3.67
352,Svetlogorsk,BY,2022-11-08 01:51:24,52.6333,29.7333,43.99,91,100,8.77
353,Okato,NZ,2022-11-08 01:51:25,-39.2,173.8833,63.68,64,56,9.46
354,Sambava,MG,2022-11-08 01:51:25,-14.2667,50.1667,68.58,89,100,7.45
355,Erenhot,CN,2022-11-08 01:51:26,43.6475,111.9767,39.94,26,44,11.56
356,Key West,US,2022-11-08 01:51:26,24.5557,-81.7826,82.4,76,20,11.5
357,Vagur,FO,2022-11-08 01:52:27,61.4732,-6.8119,48.56,93,100,35.5
358,Novopokrovka,UA,2022-11-08 01:52:27,49.8425,36.5477,32.18,87,13,4.45
359,Morada Nova,BR,2022-11-08 01:52:28,-5.1067,-38.3725,77.23,69,29,6.46
360,Pangnirtung,CA,2022-11-08 01:52:29,66.1451,-65.7125,5.45,61,59,6.38
361,Jacqueville,CI,2022-11-08 01:52:30,5.2052,-4.4146,79.34,80,100,4.94
362,Aksu,CN,2022-11-08 01:52:31,41.1231,80.2644,43.9,40,58,1.45
363,Vestmannaeyjar,IS,2022-11-08 01:52:32,63.4427,-20.2734,43.72,86,100,20.71
364,Ilhabela,BR,2022-11-08 01:52:16,-23.7781,-45.3581,65.35,86,88,3.91
365,Alcaniz,ES,2022-11-08 01:52:33,41.05,-0.1333,53.55,65,8,1.36
366,San Lorenzo,PY,2022-11-08 01:50:01,-25.3333,-57.5333,74.34,43,0,6.91
367,Pasni,PK,2022-11-08 01:52:35,25.2631,63.471,78.28,66,0,0.98
368,Kuri,KR,2022-11-08 01:52:36,37.5986,127.1394,57.09,62,20,1.14
369,Conceicao Do Araguaia,BR,2022-11-08 01:52:36,-8.2578,-49.2647,73.94,91,100,0.67
370,Kita,ML,2022-11-08 01:52:37,13.0349,-9.4895,74.34,27,59,4.54
371,Zhigansk,RU,2022-11-08 01:52:38,66.7697,123.3711,-7.49,93,100,6.91
372,Nantucket,US,2022-11-08 01:52:40,41.2835,-70.0995,64.51,90,0,5.75
373,Qasigiannguit,GL,2022-11-08 01:52:41,68.8193,-51.1922,-6.56,89,14,5.3
374,Vanavara,RU,2022-11-08 01:52:42,60.34,102.2797,17.38,90,99,9.57
375,Miraflores,MX,2022-11-08 01:52:43,19.2167,-98.8083,66.87,67,5,4.25
376,Petauke,ZM,2022-11-08 01:52:44,-14.2426,31.3253,69.48,71,100,4.34
377,Mushie,CD,2022-11-08 01:52:44,-3.0167,16.9,72.05,94,100,2.24
378,Marsala,IT,2022-11-08 01:52:45,37.7966,12.4352,59.94,88,0,5.75
379,Mae Sai,TH,2022-11-08 01:52:46,20.4335,99.8762,73.87,61,0,1.28
380,Hami,CN,2022-11-08 01:52:47,42.8,93.45,49.39,26,100,1.74
381,Sioux Lookout,CA,2022-11-08 01:52:48,50.1001,-91.917,30.27,80,100,2.3
382,Straumen,NO,2022-11-08 01:52:49,63.8709,11.2999,37.4,86,100,2.66
383,Griffith,US,2022-11-08 01:52:49,41.5284,-87.4237,45.9,73,0,10.36
384,Sinnamary,GF,2022-11-08 01:52:50,5.3833,-52.95,77.16,89,99,6.67
385,Aykhal,RU,2022-11-08 01:52:51,66.0,111.5,-3.59,100,99,2.8
386,Comodoro Rivadavia,AR,2022-11-08 01:52:52,-45.8667,-67.5,71.46,35,40,2.3
387,Clyde River,CA,2022-11-08 01:52:53,70.4692,-68.5914,10.63,72,0,0.0
388,Aasiaat,GL,2022-11-08 01:52:53,68.7098,-52.8699,1.24,99,94,6.64
389,Sembe,CG,2022-11-08 01:52:55,1.6481,14.5806,70.16,98,100,1.92
390,Vohibinany,MG,2022-11-08 01:52:56,-17.35,49.0333,67.26,89,100,1.59
391,Sidi Ali,DZ,2022-11-08 01:52:56,36.0998,0.4206,63.88,66,1,2.57
392,Kankon,IN,2022-11-08 01:52:56,15.0167,74.0167,76.3,63,51,7.29
393,Kelvington,CA,2022-11-08 01:52:57,52.1667,-103.5343,14.7,91,100,20.07
394,Krasnoselkup,RU,2022-11-08 01:52:57,65.7,82.4667,21.29,96,100,5.64
395,Pucallpa,PE,2022-11-08 01:52:57,-8.3791,-74.5539,82.44,65,20,2.3
396,Koshurnikovo,RU,2022-11-08 01:52:58,54.1667,93.3,23.63,91,100,1.77
397,Ajdabiya,LY,2022-11-08 01:52:58,30.7554,20.2263,64.65,76,0,6.49
398,San Carlos De Bariloche,AR,2022-11-08 01:49:30,-41.1456,-71.3082,58.75,47,0,13.8
399,Kathu,TH,2022-11-08 01:52:59,7.9178,98.3332,83.7,99,100,10.71
400,Nuevo Progreso,MX,2022-11-08 01:52:59,23.1667,-97.95,74.89,77,29,4.14
401,Tortel,HU,2022-11-08 01:52:59,47.1221,19.9371,43.02,91,19,4.94
402,Mount Gambier,AU,2022-11-08 01:53:00,-37.8333,140.7667,79.36,37,0,4.72
403,Morristown,US,2022-11-08 01:54:00,36.214,-83.2949,65.91,86,0,0.0
404,Rio Gallegos,AR,2022-11-08 01:50:39,-51.6226,-69.2181,64.45,55,75,9.22
405,Fonte Boa,BR,2022-11-08 01:54:00,-2.4959,-66.2662,74.44,96,100,2.77
406,Half Moon Bay,US,2022-11-08 01:54:01,37.4636,-122.4286,55.15,77,20,10.36
407,Cayenne,GF,2022-11-08 01:50:47,4.9333,-52.3333,75.24,94,75,0.0
408,Kruisfontein,ZA,2022-11-08 01:54:01,-34.0033,24.7314,55.9,86,48,5.32
409,Villa Maria,AR,2022-11-08 01:54:02,-32.4075,-63.2402,69.82,44,100,11.1
410,Xiazhen,CN,2022-11-08 01:54:02,34.8022,117.1117,62.65,49,3,8.59
411,Svetlaya,RU,2022-11-08 01:54:03,46.5389,138.3297,43.39,44,0,5.53
412,Ak-Dovurak,RU,2022-11-08 01:54:03,51.1833,90.6,25.29,95,100,0.87
413,Gunnedah,AU,2022-11-08 01:54:04,-30.9833,150.25,72.73,52,37,5.3
414,Malakal,SS,2022-11-08 01:54:04,9.5334,31.6605,74.91,67,100,4.56
415,Petropavlovsk-Kamchatskiy,RU,2022-11-08 01:54:04,53.0452,158.6483,34.39,60,75,4.47
416,Kununurra,AU,2022-11-08 01:53:11,-15.7667,128.7333,100.38,32,73,5.75
417,Evans,US,2022-11-08 01:54:05,33.5337,-82.1307,70.02,93,0,4.65
418,Georgetown,MY,2022-11-08 01:51:27,5.4112,100.3354,83.89,81,20,5.99
419,Sudogda,RU,2022-11-08 01:54:05,55.9539,40.8629,35.35,97,100,7.52
420,Kaitangata,NZ,2022-11-08 01:54:06,-46.2817,169.8464,56.84,74,100,6.71
421,Talara,PE,2022-11-08 01:54:07,-4.5772,-81.2719,65.16,77,75,13.8
422,Whyalla,AU,2022-11-08 01:54:07,-33.0333,137.5833,83.37,31,100,17.22
423,Myitkyina,MM,2022-11-08 01:54:07,25.3833,97.4,72.36,63,0,2.04
424,Ganganagar,IN,2022-11-08 01:54:08,29.9167,73.8833,65.44,60,2,2.82
425,Havelock,US,2022-11-08 01:54:07,34.8791,-76.9013,71.58,89,40,1.01
426,Barsovo,RU,2022-11-08 01:54:09,61.1667,73.1667,26.73,96,100,8.61
427,Blairmore,CA,2022-11-08 01:54:09,49.6,-114.4353,4.69,78,97,5.75
428,Dzerzhinsk,RU,2022-11-08 01:54:09,56.2389,43.4631,33.62,100,100,8.95
429,Sal Rei,CV,2022-11-08 01:54:10,16.1833,-22.9167,77.95,66,100,9.8
430,Los Llanos De Aridane,ES,2022-11-08 01:54:10,28.6585,-17.9182,64.15,44,0,10.0
431,Lensk,RU,2022-11-08 01:54:11,60.7253,114.9278,21.79,90,99,10.74
432,Pandan,PH,2022-11-08 01:54:11,14.0453,124.1694,83.91,79,100,8.52
433,Scalea,IT,2022-11-08 01:54:11,39.813,15.7956,61.54,71,0,2.75
434,Husavik,IS,2022-11-08 01:54:12,66.0449,-17.3389,39.97,91,100,12.3
435,Mariental,NA,2022-11-08 01:54:12,-24.6333,17.9667,62.04,72,0,5.5
436,Roebourne,AU,2022-11-08 01:54:13,-20.7833,117.1333,78.76,34,0,13.0
437,Oranjemund,NA,2022-11-08 01:54:13,-28.55,16.4333,59.09,95,42,8.43
438,Cacapava Do Sul,BR,2022-11-08 01:54:13,-30.5122,-53.4914,51.1,89,0,7.14
439,Zhovti Vody,UA,2022-11-08 01:51:02,48.3473,33.5003,35.29,73,36,2.86
440,San Quintin,MX,2022-11-08 01:52:02,30.4833,-115.95,64.04,86,2,9.84
441,Barkhan,PK,2022-11-08 01:54:15,29.8977,69.5256,57.7,67,30,3.02
442,Lukovetskiy,RU,2022-11-08 01:54:15,64.2956,41.9211,35.82,99,100,5.08
443,La Seyne-Sur-Mer,FR,2022-11-08 01:54:16,43.0982,5.8847,59.88,73,76,7.0
444,Charlestown,AU,2022-11-08 01:50:06,-32.95,151.6667,74.5,62,31,8.99
445,Gabu,GW,2022-11-08 01:54:17,12.2833,-14.2167,74.88,55,63,3.94
446,Auki,SB,2022-11-08 01:54:18,-8.7676,160.7034,84.81,69,17,6.6
447,Le Pradet,FR,2022-11-08 01:55:18,43.1066,6.0172,59.63,80,0,4.61
448,Bonfim,BR,2022-11-08 01:55:19,3.0833,-59.95,76.71,88,98,3.76
449,Praia Da Vitoria,PT,2022-11-08 01:55:19,38.7333,-27.0667,61.75,88,75,11.52
450,Awbari,LY,2022-11-08 01:55:20,26.5921,12.7805,56.8,46,0,5.75
451,Vydrino,RU,2022-11-08 01:55:20,51.485,104.8461,31.28,95,100,9.48
452,Xinqing,CN,2022-11-08 01:55:20,48.2333,129.5,35.11,51,44,9.1
453,Daru,PG,2022-11-08 01:55:21,-9.0763,143.2092,79.23,87,100,3.33
454,Wolsztyn,PL,2022-11-08 01:55:21,52.1155,16.1171,48.97,89,93,7.72
455,Burnie,AU,2022-11-08 01:55:21,-41.0667,145.9167,71.94,44,9,5.61
456,Goderich,CA,2022-11-08 01:52:52,43.7501,-81.7165,47.91,57,12,14.97
457,Marsh Harbour,BS,2022-11-08 01:55:22,26.5412,-77.0636,79.21,70,0,28.92
458,Bonavista,CA,2022-11-08 01:55:23,48.6499,-53.1147,53.2,92,92,21.52
459,Ulcinj,ME,2022-11-08 01:55:23,41.9294,19.2244,53.98,79,93,3.0
460,Vila Velha,BR,2022-11-08 01:55:24,-20.3297,-40.2925,73.35,82,75,2.3
461,Chimbote,PE,2022-11-08 01:55:24,-9.0853,-78.5783,63.37,85,10,7.87
462,Eirunepe,BR,2022-11-08 01:55:25,-6.6603,-69.8736,75.09,60,9,2.17
463,Havre-Saint-Pierre,CA,2022-11-08 01:55:25,50.2334,-63.5986,41.36,87,40,23.02
464,Poum,NC,2022-11-08 01:55:25,-20.2333,164.0167,78.01,80,100,14.92
465,Coachella,US,2022-11-08 01:54:19,33.6803,-116.1739,73.94,42,88,15.99
466,Yurla,RU,2022-11-08 01:55:26,59.3259,54.3223,28.83,91,100,6.4
467,Bairiki,KI,2022-11-08 01:55:26,1.3292,172.9752,86.0,62,20,6.91
468,Arauca,CO,2022-11-08 01:55:27,7.0847,-70.7591,80.56,89,40,2.3
469,Berovo,MK,2022-11-08 01:55:27,41.7031,22.8578,45.9,84,35,1.1
470,Iberia,US,2022-11-08 01:55:28,29.9502,-91.7507,75.06,79,19,8.5
471,Corner Brook,CA,2022-11-08 01:55:28,48.9667,-57.9484,50.16,79,100,16.62
472,Saint-Michel-Des-Saints,CA,2022-11-08 01:55:28,46.6834,-73.9159,39.94,68,46,14.23
473,Jobabo,CU,2022-11-08 01:55:29,20.9692,-76.2994,72.36,88,7,2.95
474,Dragor,DK,2022-11-08 01:55:29,55.5946,12.6664,54.37,94,100,11.5
475,Neuquen,AR,2022-11-08 01:55:29,-38.9516,-68.0591,82.29,28,20,9.22
476,Asfi,MA,2022-11-08 01:55:30,32.2994,-9.2372,64.49,80,92,3.94
477,Avera,US,2022-11-08 01:55:30,33.194,-82.5271,69.31,72,4,5.3
478,Palmer,US,2022-11-08 01:55:30,42.1584,-72.3287,55.81,32,0,4.0
479,Isla Vista,US,2022-11-08 01:55:31,34.4133,-119.861,57.02,82,76,5.41
480,Qaqortoq,GL,2022-11-08 01:55:31,60.7167,-46.0333,24.15,83,100,5.93
481,Chateau-Thierry,FR,2022-11-08 01:55:31,49.05,3.4,51.37,77,100,11.81
482,Keti Bandar,PK,2022-11-08 01:55:31,24.1447,67.4497,76.26,71,2,5.06
483,Lichtenfels,DE,2022-11-08 01:55:32,50.1457,11.0593,47.14,96,25,1.01
484,Zhireken,RU,2022-11-08 01:55:32,52.8249,117.3076,24.33,80,100,5.73
485,Abeche,TD,2022-11-08 01:55:32,13.8292,20.8324,76.23,23,13,10.74
486,Pteleos,GR,2022-11-08 01:55:33,39.05,22.95,55.98,76,1,0.74
487,Balad,IQ,2022-11-08 01:55:33,34.0164,44.1453,63.14,32,59,6.55
488,Verkhnyaya Salda,RU,2022-11-08 01:55:33,58.0456,60.5533,28.38,90,100,8.86
489,Port Macquarie,AU,2022-11-08 01:55:34,-31.4333,152.9167,68.85,59,63,10.22
490,Mbale,UG,2022-11-08 01:55:34,1.0821,34.175,64.18,83,51,2.84
491,Ocampo,MX,2022-11-08 01:55:35,21.65,-101.5,56.07,65,0,12.15
492,Lincoln,US,2022-11-08 01:55:02,40.8,-96.667,47.28,38,59,5.99
493,Linares,CL,2022-11-08 01:55:35,-35.85,-71.6,61.47,50,97,4.38
494,Nancha,CN,2022-11-08 01:55:35,47.1333,129.2667,40.23,43,71,5.35
495,Havoysund,NO,2022-11-08 01:56:36,70.9963,24.6622,37.63,70,13,9.31
496,Ankang,CN,2022-11-08 01:56:36,32.68,109.0172,63.16,62,100,4.21
497,Surat,IN,2022-11-08 01:53:50,21.1667,72.8333,71.58,83,20,3.44
498,Olafsvik,IS,2022-11-08 01:56:37,64.8945,-23.7142,42.33,75,100,17.4
499,Laramie,US,2022-11-08 01:55:12,41.3114,-105.5911,40.77,57,54,11.23
500,Kieta,PG,2022-11-08 01:56:37,-6.2167,155.6333,84.02,77,64,9.08
501,Funadhoo,MV,2022-11-08 01:56:37,6.15,73.2667,81.12,75,20,8.32
502,Tyup,KG,2022-11-08 01:56:38,42.7276,78.3648,38.57,73,100,6.49
503,Yatou,CN,2022-11-08 01:56:38,37.15,122.3833,58.87,61,0,2.51
504,Ratangarh,IN,2022-11-08 01:56:38,28.0833,74.6,72.27,36,69,7.54
505,Saint-Pierre,RE,2022-11-08 01:56:39,-21.3393,55.4781,71.28,64,42,5.75
506,Quatre Cocos,MU,2022-11-08 01:56:39,-20.2078,57.7625,73.51,78,79,11.32
507,Owando,CG,2022-11-08 01:56:39,-0.4819,15.8999,70.32,98,100,0.83
508,Kaihua,CN,2022-11-08 01:56:40,23.3687,104.28,61.43,77,17,5.75
509,Cabedelo,BR,2022-11-08 01:56:40,-6.9811,-34.8339,79.47,76,74,7.87
510,Santa Cruz De Tenerife,ES,2022-11-08 01:53:30,28.4682,-16.2546,76.28,77,25,9.22
511,Ukiah,US,2022-11-08 01:56:41,39.1502,-123.2078,46.44,94,100,2.71
512,Redlands,US,2022-11-08 01:52:10,34.0556,-117.1825,61.32,89,100,5.75
513,Torit,SS,2022-11-08 01:56:41,4.4133,32.5678,73.17,66,99,1.45
514,Weatherford,US,2022-11-08 01:56:42,32.7593,-97.7972,72.09,90,0,6.42
515,Puerto Gaitan,CO,2022-11-08 01:56:42,4.3133,-72.0816,79.14,73,69,3.65
516,Kutum,SD,2022-11-08 01:56:42,14.2,24.6667,65.71,28,4,6.42
517,Sisimiut,GL,2022-11-08 01:56:43,66.9395,-53.6735,11.25,84,8,10.4
518,Manokwari,ID,2022-11-08 01:56:43,-0.8667,134.0833,82.72,76,96,6.93
519,Achit,RU,2022-11-08 01:56:43,56.7985,57.8994,28.44,90,100,7.83
520,Puerto El Triunfo,SV,2022-11-08 01:56:44,13.2833,-88.55,78.01,83,23,1.81
521,Tomigusuku,JP,2022-11-08 01:56:44,26.185,127.675,77.13,73,75,13.8
522,Doka,SD,2022-11-08 01:56:44,13.5167,35.7667,75.88,39,3,5.61
523,Kailua,US,2022-11-08 01:56:45,21.4022,-157.7394,82.9,74,75,5.01
524,Anzio,IT,2022-11-08 01:56:45,41.4853,12.6179,58.1,61,3,4.05
525,Bardiyah,LY,2022-11-08 01:56:45,31.7561,25.0865,66.6,72,15,12.41
526,Tigbao,PH,2022-11-08 01:56:46,12.5546,123.3389,84.24,75,100,10.45
527,Tautira,PF,2022-11-08 01:56:46,-17.7333,-149.15,76.44,83,26,12.26
528,Ambunti,PG,2022-11-08 01:56:46,-4.2365,142.8448,81.54,79,100,1.52
529,Evensk,RU,2022-11-08 01:56:47,61.95,159.2333,21.16,71,100,4.16
530,Helong,CN,2022-11-08 01:56:47,42.5397,128.9972,43.86,40,11,6.02
531,Moose Factory,CA,2022-11-08 01:56:47,51.2585,-80.6094,32.0,74,100,19.57
532,Tura,IN,2022-11-08 01:56:48,25.5198,90.2201,70.5,73,2,2.21
533,Barcelos,PT,2022-11-08 01:54:19,41.5388,-8.6151,62.74,93,93,11.41
534,Nyurba,RU,2022-11-08 01:56:48,63.2842,118.3319,5.74,94,100,5.39
535,Kosh-Agach,RU,2022-11-08 01:56:48,50.0,88.6667,25.83,69,94,2.53
536,Tay Ninh,VN,2022-11-08 01:56:49,11.3,106.1,80.17,76,100,6.2
537,Noyabrsk,RU,2022-11-08 01:56:49,63.1994,75.4507,21.04,95,100,14.09
538,Nanakuli,US,2022-11-08 01:56:50,21.3906,-158.1547,82.87,68,50,17.13
539,Sorland,NO,2022-11-08 01:56:50,67.667,12.6934,42.66,68,7,21.34
540,Zaysan,KZ,2022-11-08 01:56:50,47.4667,84.8667,41.31,56,97,5.61
541,Brigantine,US,2022-11-08 01:56:51,39.4101,-74.3646,65.01,65,0,1.99
542,Uvalde,US,2022-11-08 01:57:51,29.3669,-99.767,78.13,72,0,9.22
543,Grand-Lahou,CI,2022-11-08 01:57:52,5.1367,-5.0242,77.67,85,79,5.03
544,Kamiiso,JP,2022-11-08 01:57:52,41.8167,140.65,48.58,87,75,8.05
545,Dunedin,NZ,2022-11-08 01:54:53,-45.8742,170.5036,59.38,73,88,10.47
546,Vestmanna,FO,2022-11-08 01:57:53,62.1564,-7.1664,47.32,81,75,35.68
547,Santa Isabel Do Rio Negro,BR,2022-11-08 01:57:53,-0.4139,-65.0192,73.98,96,97,1.03
548,Toamasina,MG,2022-11-08 01:57:53,-18.1667,49.3833,66.2,94,20,2.3
549,Zyryanka,RU,2022-11-08 01:57:54,65.75,150.85,-2.96,98,100,10.0
550,Flin Flon,CA,2022-11-08 01:57:54,54.7682,-101.865,8.38,89,100,7.85
551,Silopi,TR,2022-11-08 01:57:54,37.2497,42.4694,60.89,33,100,2.39
552,Ayr,GB,2022-11-08 01:57:55,55.4627,-4.6339,55.29,82,75,23.02
553,Santa Lucia,ES,2022-11-08 01:57:55,27.9117,-15.5407,61.92,83,20,12.66
554,Sao Joao Da Barra,BR,2022-11-08 01:57:55,-21.6403,-41.0511,69.84,75,100,5.26
555,San Ignacio,BZ,2022-11-08 01:57:56,17.1561,-89.0714,75.34,88,0,0.0
556,Puerto Del Rosario,ES,2022-11-08 01:57:56,28.5004,-13.8627,71.35,83,75,12.66
557,Port Hardy,CA,2022-11-08 01:57:56,50.6996,-127.4199,35.78,51,20,23.02
